1,hmacdermid0,Hinze,MacDermid,1,Photobug,998-368-18-48,Kyzyl-Burun,4 Lillian Circle,644-633-219,hmacdermid0@ifeng.com,5erUVkq,2021-05-07 09:43:56
2,swebby1,Scarlet,Webby,1,Zoovu,455-633-96-02,Aghajari,81 Sugar Circle,476-026-035,swebby1@wix.com,yB22FFsU,2021-09-07 17:21:48
3,bodger2,Berton,Odger,1,Youspan,889-773-14-32,Kunwi,86853 Pleasure Lane,183-129-727,bodger2@mashable.com,cyqACdXa42v,2022-01-13 14:49:12
4,dbendtsen3,Devlen,Bendtsen,0,,,Prinza,53 Clarendon Trail,881-590-550,dbendtsen3@soundcloud.com,bfO5bnDNNH,2022-06-04 11:21:30
5,mkubalek4,Merna,Kubalek,1,Blogspan,721-423-91-48,Boca do Acre,7755 Little Fleur Crossing,932-104-453,mkubalek4@salon.com,Cz7OEo15e,2021-10-30 18:41:55
6,eleggott5,Edwin,Leggott,1,Jaxspan,110-721-53-76,Liuzu,900 Scoville Street,806-700-547,eleggott5@timesonline.co.uk,jDAMcPLSyZoP,2022-05-16 10:46:28
7,shansie6,Sayre,Hansie,0,,,Jiguan,6 Warbler Point,477-268-937,shansie6@baidu.com,29er3RUkZ6X,2021-10-21 00:30:22
8,avanross7,Anna,Van Ross,1,Buzzdog,685-766-31-54,Bedinje,4 Waxwing Drive,938-671-732,,eZ91IAwLi5nq,2022-01-24 03:19:00
9,adomenget8,Ally,Domenget,0,,,Cinyawang,4492 Pepper Wood Drive,303-915-883,adomenget8@nationalgeographic.com,TGcuHD,2021-10-20 18:15:02
10,ctremaine9,Cristal,Tremaine,0,,,Xiangyun,32238 Kennedy Trail,,ctremaine9@nih.gov,uEUffTfuSRy,2022-01-26 09:04:06
11,gduffielda,Georgiana,Duffield,1,Shuffledrive,595-835-60-86,Şaḩneh,29068 Oak Center,882-470-316,gduffielda@google.ru,neNHOa6QyKp0,2022-03-28 14:19:09
12,bruddickb,Bryanty,Ruddick,0,,,La Motte-Servolex,0411 Stone Corner Way,655-867-337,bruddickb@patch.com,bRB69SX,2022-03-23 08:36:23
13,bhamertonc,Bartram,Hamerton,1,Dynabox,885-494-26-82,,,597-782-340,bhamertonc@tuttocitta.it,0955JJT2kgRx,2022-05-04 20:08:14
14,hregglerd,Horst,Reggler,1,Linklinks,235-140-23-06,,,111-474-894,hregglerd@newsvine.com,RDd9F5h67,2021-11-23 02:44:07
15,wgotharde,Wolfgang,Gothard,1,Skalith,198-463-31-19,,,,wgotharde@ucsd.edu,obtt8QGi,2022-02-16 17:28:55
16,wyarwoodf,Welby,Yarwood,1,Izio,318-660-58-47,Goragorskiy,241 Kingsford Hill,,wyarwoodf@surveymonkey.com,TUSpzGea7uF,2021-05-26 21:15:20
17,dchiddyg,Denise,Chiddy,0,,,,,180-049-715,dchiddyg@mediafire.com,3sYxUd,2021-08-21 09:29:23
18,gscrivenerh,Guinna,Scrivener,1,Janyx,921-742-42-21,Denver,72954 Mifflin Park,528-263-819,gscrivenerh@prweb.com,7Yzvmxh5UCqC,2021-08-22 19:57:39
19,jstockoei,Jaquenetta,Stockoe,1,Realbridge,627-233-90-67,Panaoti,850 Oriole Road,283-946-584,jstockoei@google.com.br,p3Nlg4B,2021-11-21 12:24:42
20,dfarlambj,Devora,Farlamb,0,,,,,,dfarlambj@behance.net,yvSnuP,2021-09-14 21:12:19
21,hfisbyk,Hadria,Fisby,0,,,Gränna,915 Portage Avenue,,hfisbyk@phoca.cz,b4ue5o,2021-10-31 10:47:33
22,bdroganl,Betsey,Drogan,1,Centidel,572-745-19-29,Khosta,79695 Logan Point,427-877-143,bdroganl@ox.ac.uk,ga71GAh6jgD8,2022-01-26 20:12:48
23,lcozinsm,Lynn,Cozins,1,Skinix,861-120-79-73,,,822-886-753,lcozinsm@ifeng.com,IrG346vepSB,2022-04-07 19:47:01
24,hyaknovn,Haley,Yaknov,0,,,Tanzhou,40 Cody Road,,hyaknovn@uiuc.edu,kHax5Wo5wyf,2021-05-16 13:22:19
25,lrollasono,Laurie,Rollason,0,,,Singkup,2370 Clarendon Plaza,,lrollasono@independent.co.uk,LbcGc8iLUaur,2021-11-05 00:49:22
26,ajorgerp,Adan,Jorger,1,Tazzy,884-989-21-04,Kayima,55178 Merchant Park,228-732-875,ajorgerp@jiathis.com,GuaLkLTzBY9,2021-08-15 12:39:26
27,rpavlukq,Robinett,Pavluk,0,,,Molchanovo,00 Ludington Parkway,553-828-399,rpavlukq@cbc.ca,nbfa5Ku2r,2022-03-07 22:23:44
28,jolenchikovr,Jobina,Olenchikov,1,Fanoodle,250-566-93-32,,,,jolenchikovr@businessinsider.com,9oz7MbT,2022-03-15 18:42:49
29,lethelstones,Lucian,Ethelstone,0,,,,,243-727-931,lethelstones@google.cn,xrgJ7Yj9G,2022-06-01 18:59:33
30,lackeryt,Leon,Ackery,0,,,Maochen,9 4th Center,341-825-163,lackeryt@rakuten.co.jp,KvoaFPxc0B,2021-10-13 01:02:52
31,mmacurau,Marisa,Macura,1,Jatri,816-929-66-09,,,140-195-070,mmacurau@nsw.gov.au,L7GLkpAf0XCD,2021-08-22 16:20:48
32,gmatthensenv,Gayleen,Matthensen,0,,,,,811-576-071,gmatthensenv@earthlink.net,TfTmMgmXoj,2021-05-02 04:42:09
33,imaulkinw,Isadora,Maulkin,0,,,San Pedro Necta,277 Annamark Place,,imaulkinw@godaddy.com,4xBCMjnPg,2021-06-07 01:09:17
34,fmclarnonx,Fairfax,McLarnon,0,,,,,667-349-452,fmclarnonx@sohu.com,6GrTLRk,2021-12-25 10:04:02
35,ygandery,Yovonnda,Gander,1,Meembee,120-457-42-98,Babakan,431 Coolidge Point,101-712-850,ygandery@youku.com,ttocFG,2022-01-30 21:43:16
36,mjacquemetz,Misty,Jacquemet,1,Quire,525-969-15-40,Meiyuan Xincun,658 Lake View Park,,mjacquemetz@mysql.com,Bh4vuFAbkc,2021-12-20 02:26:40
37,lfadell10,Lolly,Fadell,0,,,Aimin,7 Almo Point,176-013-568,lfadell10@newsvine.com,R9fpNgRXRykA,2022-04-14 15:56:57
38,tbelshaw11,Tann,Belshaw,0,,,Castanheiro do Sul,01 Erie Park,,,V11daMz,2021-11-20 08:36:07
39,ccrookston12,Carlita,Crookston,1,Chatterbridge,360-990-60-08,Murmansk,79 Vahlen Place,008-247-213,ccrookston12@shutterfly.com,qDyUlFAFBC,2021-09-19 13:39:29
40,dtewes13,Dennison,Tewes,1,Tagpad,827-204-08-78,Mikhaylov,1424 Weeping Birch Circle,,,c3vfNjQ,2021-12-17 13:31:09
41,crhelton14,Claudian,Rhelton,0,,,Cancas,76 Shopko Lane,099-410-615,crhelton14@blinklist.com,dxM0lz,2022-05-28 05:22:42
42,wglentz15,Wyatan,Glentz,0,,,Choibalsan,196 Delaware Drive,954-224-620,wglentz15@tiny.cc,TQyHJ1,2021-06-17 05:31:55
43,mhedling16,Margaret,Hedling,0,,,Benhong,52924 Anderson Hill,,mhedling16@bloomberg.com,6njbHRhg,2022-03-24 15:43:16
44,hfilipyev17,Hollyanne,Filipyev,0,,,Yili,92571 Colorado Crossing,923-536-113,hfilipyev17@yahoo.com,6oJss2ZxD5CT,2021-09-07 23:43:18
45,gbrownhill18,Giacopo,Brownhill,0,,,Dao’er,2 Prairieview Place,723-143-026,gbrownhill18@booking.com,Vay1ugjnuh,2021-11-14 09:05:28
46,jfairburne19,Julia,Fairburne,0,,,Tríkala,825 Holy Cross Junction,625-994-434,jfairburne19@smugmug.com,3kcWn3Y9x,2021-06-20 17:29:59
47,jvater1a,James,Vater,0,,,,,740-013-756,,o2K26oD0KDmu,2021-11-17 16:44:32
48,blegrys1b,Bernardine,Le Grys,1,Omba,116-244-55-40,,,,blegrys1b@godaddy.com,ny8Ccy5,2021-05-09 01:29:28
49,cannetts1c,Clarke,Annetts,0,,,,,242-575-939,,1xdDH0f,2022-01-11 09:11:58
50,pparres1d,Pamelina,Parres,0,,,Lages,0042 Northfield Crossing,,pparres1d@parallels.com,cHvCgzwC6,2021-06-11 18:57:40
